{
  "project_info": {
    "project_number": "612475099202",
    "project_id": "sad4-2d0d9",
    "storage_bucket": "sad4-2d0d9.firebasestorage.app"
  },
  "client": [
    {
      "client_info": {
        "mobilesdk_app_id": "1:612475099202:android:2341f94682436fb9abb5db",
        "android_client_info": {
          "package_name": "com.google.chrome"
        }
      },
      "oauth_client": [],
      "api_key": [
        {
          "current_key": "AIzaSyCU4t9co3QnLd4PQTKR5xxTTzFGbHFAy9k"
        }
      ],
      "services": {
        "appinvite_service": {
          "other_platform_oauth_client": []
        }
      }
    }
  ],
  "configuration_version": "1"
}